productType,week,value,accessDate
whey,2024-10-07,47,2026-10-04
whey,2024-10-14,54,2026-10-04
whey,2024-10-21,61,2026-10-04
whey,2024-10-28,68,2026-10-04
whey,2024-11-04,75,2026-10-04
whey,2024-11-11,21,2026-10-04
whey,2024-11-18,28,2026-10-04
whey,2024-11-25,35,2026-10-04
whey,2024-12-02,42,2026-10-04
whey,2024-12-09,49,2026-10-04
whey,2024-12-16,56,2026-10-04
whey,2024-12-23,63,2026-10-04
whey,2024-12-30,70,2026-10-04
whey,2025-01-06,77,2026-10-04
whey,2025-01-13,23,2026-10-04
whey,2025-01-20,30,2026-10-04
whey,2025-01-27,37,2026-10-04
whey,2025-02-03,44,2026-10-04
whey,2025-02-10,51,2026-10-04
whey,2025-02-17,58,2026-10-04
whey,2025-02-24,65,2026-10-04
whey,2025-03-03,72,2026-10-04
whey,2025-03-10,79,2026-10-04
whey,2025-03-17,25,2026-10-04
whey,2025-03-24,32,2026-10-04
whey,2025-03-31,39,2026-10-04
whey,2025-04-07,46,2026-10-04
whey,2025-04-14,53,2026-10-04
whey,2025-04-21,60,2026-10-04
whey,2025-04-28,67,2026-10-04
whey,2025-05-05,74,2026-10-04
whey,2025-05-12,20,2026-10-04
whey,2025-05-19,27,2026-10-04
whey,2025-05-26,34,2026-10-04
whey,2025-06-02,41,2026-10-04
whey,2025-06-09,48,2026-10-04
whey,2025-06-16,55,2026-10-04
whey,2025-06-23,62,2026-10-04
whey,2025-06-30,69,2026-10-04
whey,2025-07-07,76,2026-10-04
whey,2025-07-14,22,2026-10-04
whey,2025-07-21,29,2026-10-04
whey,2025-07-28,36,2026-10-04
whey,2025-08-04,43,2026-10-04
whey,2025-08-11,50,2026-10-04
whey,2025-08-18,57,2026-10-04
whey,2025-08-25,64,2026-10-04
whey,2025-09-01,71,2026-10-04
whey,2025-09-08,78,2026-10-04
whey,2025-09-15,24,2026-10-04
whey,2025-09-22,31,2026-10-04
whey,2025-09-29,38,2026-10-04
whey,2025-10-06,45,2026-10-04
whey,2025-10-13,52,2026-10-04
whey,2025-10-20,59,2026-10-04
whey,2025-10-27,66,2026-10-04
whey,2025-11-03,73,2026-10-04
whey,2025-11-10,80,2026-10-04
whey,2025-11-17,26,2026-10-04
whey,2025-11-24,33,2026-10-04
whey,2025-12-01,40,2026-10-04
whey,2025-12-08,47,2026-10-04
whey,2025-12-15,54,2026-10-04
whey,2025-12-22,61,2026-10-04
whey,2025-12-29,68,2026-10-04
whey,2026-01-05,75,2026-10-04
whey,2026-01-12,21,2026-10-04
whey,2026-01-19,28,2026-10-04
whey,2026-01-26,35,2026-10-04
whey,2026-02-02,42,2026-10-04
whey,2026-02-09,49,2026-10-04
whey,2026-02-16,56,2026-10-04
whey,2026-02-23,63,2026-10-04
whey,2026-03-02,70,2026-10-04
whey,2026-03-09,77,2026-10-04
whey,2026-03-16,23,2026-10-04
whey,2026-03-23,30,2026-10-04
whey,2026-03-30,37,2026-10-04
whey,2026-04-06,44,2026-10-04
whey,2026-04-13,51,2026-10-04
whey,2026-04-20,58,2026-10-04
whey,2026-04-27,65,2026-10-04
whey,2026-05-04,72,2026-10-04
whey,2026-05-11,79,2026-10-04
whey,2026-05-18,25,2026-10-04
whey,2026-05-25,32,2026-10-04
whey,2026-06-01,39,2026-10-04
whey,2026-06-08,46,2026-10-04
whey,2026-06-15,53,2026-10-04
whey,2026-06-22,60,2026-10-04
whey,2026-06-29,67,2026-10-04
whey,2026-07-06,74,2026-10-04
whey,2026-07-13,20,2026-10-04
whey,2026-07-20,27,2026-10-04
whey,2026-07-27,34,2026-10-04
whey,2026-08-03,41,2026-10-04
whey,2026-08-10,48,2026-10-04
whey,2026-08-17,55,2026-10-04
whey,2026-08-24,62,2026-10-04
whey,2026-08-31,69,2026-10-04
whey,2026-09-07,76,2026-10-04
whey,2026-09-14,22,2026-10-04
whey,2026-09-21,29,2026-10-04
whey,2026-09-28,36,2026-10-04
creatine,2024-10-07,24,2026-10-04
creatine,2024-10-14,31,2026-10-04
creatine,2024-10-21,38,2026-10-04
creatine,2024-10-28,45,2026-10-04
creatine,2024-11-04,52,2026-10-04
creatine,2024-11-11,59,2026-10-04
creatine,2024-11-18,66,2026-10-04
creatine,2024-11-25,73,2026-10-04
creatine,2024-12-02,80,2026-10-04
creatine,2024-12-09,26,2026-10-04
creatine,2024-12-16,33,2026-10-04
creatine,2024-12-23,40,2026-10-04
creatine,2024-12-30,47,2026-10-04
creatine,2025-01-06,54,2026-10-04
creatine,2025-01-13,61,2026-10-04
creatine,2025-01-20,68,2026-10-04
creatine,2025-01-27,75,2026-10-04
creatine,2025-02-03,21,2026-10-04
creatine,2025-02-10,28,2026-10-04
creatine,2025-02-17,35,2026-10-04
creatine,2025-02-24,42,2026-10-04
creatine,2025-03-03,49,2026-10-04
creatine,2025-03-10,56,2026-10-04
creatine,2025-03-17,63,2026-10-04
creatine,2025-03-24,70,2026-10-04
creatine,2025-03-31,77,2026-10-04
creatine,2025-04-07,23,2026-10-04
creatine,2025-04-14,30,2026-10-04
creatine,2025-04-21,37,2026-10-04
creatine,2025-04-28,44,2026-10-04
creatine,2025-05-05,51,2026-10-04
creatine,2025-05-12,58,2026-10-04
creatine,2025-05-19,65,2026-10-04
creatine,2025-05-26,72,2026-10-04
creatine,2025-06-02,79,2026-10-04
creatine,2025-06-09,25,2026-10-04
creatine,2025-06-16,32,2026-10-04
creatine,2025-06-23,39,2026-10-04
creatine,2025-06-30,46,2026-10-04
creatine,2025-07-07,53,2026-10-04
creatine,2025-07-14,60,2026-10-04
creatine,2025-07-21,67,2026-10-04
creatine,2025-07-28,74,2026-10-04
creatine,2025-08-04,20,2026-10-04
creatine,2025-08-11,27,2026-10-04
creatine,2025-08-18,34,2026-10-04
creatine,2025-08-25,41,2026-10-04
creatine,2025-09-01,48,2026-10-04
creatine,2025-09-08,55,2026-10-04
creatine,2025-09-15,62,2026-10-04
creatine,2025-09-22,69,2026-10-04
creatine,2025-09-29,76,2026-10-04
creatine,2025-10-06,22,2026-10-04
creatine,2025-10-13,29,2026-10-04
creatine,2025-10-20,36,2026-10-04
creatine,2025-10-27,43,2026-10-04
creatine,2025-11-03,50,2026-10-04
creatine,2025-11-10,57,2026-10-04
creatine,2025-11-17,64,2026-10-04
creatine,2025-11-24,71,2026-10-04
creatine,2025-12-01,78,2026-10-04
creatine,2025-12-08,24,2026-10-04
creatine,2025-12-15,31,2026-10-04
creatine,2025-12-22,38,2026-10-04
creatine,2025-12-29,45,2026-10-04
creatine,2026-01-05,52,2026-10-04
creatine,2026-01-12,59,2026-10-04
creatine,2026-01-19,66,2026-10-04
creatine,2026-01-26,73,2026-10-04
creatine,2026-02-02,80,2026-10-04
creatine,2026-02-09,26,2026-10-04
creatine,2026-02-16,33,2026-10-04
creatine,2026-02-23,40,2026-10-04
creatine,2026-03-02,47,2026-10-04
creatine,2026-03-09,54,2026-10-04
creatine,2026-03-16,61,2026-10-04
creatine,2026-03-23,68,2026-10-04
creatine,2026-03-30,75,2026-10-04
creatine,2026-04-06,21,2026-10-04
creatine,2026-04-13,28,2026-10-04
creatine,2026-04-20,35,2026-10-04
creatine,2026-04-27,42,2026-10-04
creatine,2026-05-04,49,2026-10-04
creatine,2026-05-11,56,2026-10-04
creatine,2026-05-18,63,2026-10-04
creatine,2026-05-25,70,2026-10-04
creatine,2026-06-01,77,2026-10-04
creatine,2026-06-08,23,2026-10-04
creatine,2026-06-15,30,2026-10-04
creatine,2026-06-22,37,2026-10-04
creatine,2026-06-29,44,2026-10-04
creatine,2026-07-06,51,2026-10-04
creatine,2026-07-13,58,2026-10-04
creatine,2026-07-20,65,2026-10-04
creatine,2026-07-27,72,2026-10-04
creatine,2026-08-03,79,2026-10-04
creatine,2026-08-10,25,2026-10-04
creatine,2026-08-17,32,2026-10-04
creatine,2026-08-24,39,2026-10-04
creatine,2026-08-31,46,2026-10-04
creatine,2026-09-07,53,2026-10-04
creatine,2026-09-14,60,2026-10-04
creatine,2026-09-21,67,2026-10-04
creatine,2026-09-28,74,2026-10-04
multivitamin,2024-10-07,28,2026-10-04
multivitamin,2024-10-14,35,2026-10-04
multivitamin,2024-10-21,42,2026-10-04
multivitamin,2024-10-28,49,2026-10-04
multivitamin,2024-11-04,56,2026-10-04
multivitamin,2024-11-11,63,2026-10-04
multivitamin,2024-11-18,70,2026-10-04
multivitamin,2024-11-25,77,2026-10-04
multivitamin,2024-12-02,23,2026-10-04
multivitamin,2024-12-09,30,2026-10-04
multivitamin,2024-12-16,37,2026-10-04
multivitamin,2024-12-23,44,2026-10-04
multivitamin,2024-12-30,51,2026-10-04
multivitamin,2025-01-06,58,2026-10-04
multivitamin,2025-01-13,65,2026-10-04
multivitamin,2025-01-20,72,2026-10-04
multivitamin,2025-01-27,79,2026-10-04
multivitamin,2025-02-03,25,2026-10-04
multivitamin,2025-02-10,32,2026-10-04
multivitamin,2025-02-17,39,2026-10-04
multivitamin,2025-02-24,46,2026-10-04
multivitamin,2025-03-03,53,2026-10-04
multivitamin,2025-03-10,60,2026-10-04
multivitamin,2025-03-17,67,2026-10-04
multivitamin,2025-03-24,74,2026-10-04
multivitamin,2025-03-31,20,2026-10-04
multivitamin,2025-04-07,27,2026-10-04
multivitamin,2025-04-14,34,2026-10-04
multivitamin,2025-04-21,41,2026-10-04
multivitamin,2025-04-28,48,2026-10-04
multivitamin,2025-05-05,55,2026-10-04
multivitamin,2025-05-12,62,2026-10-04
multivitamin,2025-05-19,69,2026-10-04
multivitamin,2025-05-26,76,2026-10-04
multivitamin,2025-06-02,22,2026-10-04
multivitamin,2025-06-09,29,2026-10-04
multivitamin,2025-06-16,36,2026-10-04
multivitamin,2025-06-23,43,2026-10-04
multivitamin,2025-06-30,50,2026-10-04
multivitamin,2025-07-07,57,2026-10-04
multivitamin,2025-07-14,64,2026-10-04
multivitamin,2025-07-21,71,2026-10-04
multivitamin,2025-07-28,78,2026-10-04
multivitamin,2025-08-04,24,2026-10-04
multivitamin,2025-08-11,31,2026-10-04
multivitamin,2025-08-18,38,2026-10-04
multivitamin,2025-08-25,45,2026-10-04
multivitamin,2025-09-01,52,2026-10-04
multivitamin,2025-09-08,59,2026-10-04
multivitamin,2025-09-15,66,2026-10-04
multivitamin,2025-09-22,73,2026-10-04
multivitamin,2025-09-29,80,2026-10-04
multivitamin,2025-10-06,26,2026-10-04
multivitamin,2025-10-13,33,2026-10-04
multivitamin,2025-10-20,40,2026-10-04
multivitamin,2025-10-27,47,2026-10-04
multivitamin,2025-11-03,54,2026-10-04
multivitamin,2025-11-10,61,2026-10-04
multivitamin,2025-11-17,68,2026-10-04
multivitamin,2025-11-24,75,2026-10-04
multivitamin,2025-12-01,21,2026-10-04
multivitamin,2025-12-08,28,2026-10-04
multivitamin,2025-12-15,35,2026-10-04
multivitamin,2025-12-22,42,2026-10-04
multivitamin,2025-12-29,49,2026-10-04
multivitamin,2026-01-05,56,2026-10-04
multivitamin,2026-01-12,63,2026-10-04
multivitamin,2026-01-19,70,2026-10-04
multivitamin,2026-01-26,77,2026-10-04
multivitamin,2026-02-02,23,2026-10-04
multivitamin,2026-02-09,30,2026-10-04
multivitamin,2026-02-16,37,2026-10-04
multivitamin,2026-02-23,44,2026-10-04
multivitamin,2026-03-02,51,2026-10-04
multivitamin,2026-03-09,58,2026-10-04
multivitamin,2026-03-16,65,2026-10-04
multivitamin,2026-03-23,72,2026-10-04
multivitamin,2026-03-30,79,2026-10-04
multivitamin,2026-04-06,25,2026-10-04
multivitamin,2026-04-13,32,2026-10-04
multivitamin,2026-04-20,39,2026-10-04
multivitamin,2026-04-27,46,2026-10-04
multivitamin,2026-05-04,53,2026-10-04
multivitamin,2026-05-11,60,2026-10-04
multivitamin,2026-05-18,67,2026-10-04
multivitamin,2026-05-25,74,2026-10-04
multivitamin,2026-06-01,20,2026-10-04
multivitamin,2026-06-08,27,2026-10-04
multivitamin,2026-06-15,34,2026-10-04
multivitamin,2026-06-22,41,2026-10-04
multivitamin,2026-06-29,48,2026-10-04
multivitamin,2026-07-06,55,2026-10-04
multivitamin,2026-07-13,62,2026-10-04
multivitamin,2026-07-20,69,2026-10-04
multivitamin,2026-07-27,76,2026-10-04
multivitamin,2026-08-03,22,2026-10-04
multivitamin,2026-08-10,29,2026-10-04
multivitamin,2026-08-17,36,2026-10-04
multivitamin,2026-08-24,43,2026-10-04
multivitamin,2026-08-31,50,2026-10-04
multivitamin,2026-09-07,57,2026-10-04
multivitamin,2026-09-14,64,2026-10-04
multivitamin,2026-09-21,71,2026-10-04
multivitamin,2026-09-28,78,2026-10-04
omega,2024-10-07,23,2026-10-04
omega,2024-10-14,30,2026-10-04
omega,2024-10-21,37,2026-10-04
omega,2024-10-28,44,2026-10-04
omega,2024-11-04,51,2026-10-04
omega,2024-11-11,58,2026-10-04
omega,2024-11-18,65,2026-10-04
omega,2024-11-25,72,2026-10-04
omega,2024-12-02,79,2026-10-04
omega,2024-12-09,25,2026-10-04
omega,2024-12-16,32,2026-10-04
omega,2024-12-23,39,2026-10-04
omega,2024-12-30,46,2026-10-04
omega,2025-01-06,53,2026-10-04
omega,2025-01-13,60,2026-10-04
omega,2025-01-20,67,2026-10-04
omega,2025-01-27,74,2026-10-04
omega,2025-02-03,20,2026-10-04
omega,2025-02-10,27,2026-10-04
omega,2025-02-17,34,2026-10-04
omega,2025-02-24,41,2026-10-04
omega,2025-03-03,48,2026-10-04
omega,2025-03-10,55,2026-10-04
omega,2025-03-17,62,2026-10-04
omega,2025-03-24,69,2026-10-04
omega,2025-03-31,76,2026-10-04
omega,2025-04-07,22,2026-10-04
omega,2025-04-14,29,2026-10-04
omega,2025-04-21,36,2026-10-04
omega,2025-04-28,43,2026-10-04
omega,2025-05-05,50,2026-10-04
omega,2025-05-12,57,2026-10-04
omega,2025-05-19,64,2026-10-04
omega,2025-05-26,71,2026-10-04
omega,2025-06-02,78,2026-10-04
omega,2025-06-09,24,2026-10-04
omega,2025-06-16,31,2026-10-04
omega,2025-06-23,38,2026-10-04
omega,2025-06-30,45,2026-10-04
omega,2025-07-07,52,2026-10-04
omega,2025-07-14,59,2026-10-04
omega,2025-07-21,66,2026-10-04
omega,2025-07-28,73,2026-10-04
omega,2025-08-04,80,2026-10-04
omega,2025-08-11,26,2026-10-04
omega,2025-08-18,33,2026-10-04
omega,2025-08-25,40,2026-10-04
omega,2025-09-01,47,2026-10-04
omega,2025-09-08,54,2026-10-04
omega,2025-09-15,61,2026-10-04
omega,2025-09-22,68,2026-10-04
omega,2025-09-29,75,2026-10-04
omega,2025-10-06,21,2026-10-04
omega,2025-10-13,28,2026-10-04
omega,2025-10-20,35,2026-10-04
omega,2025-10-27,42,2026-10-04
omega,2025-11-03,49,2026-10-04
omega,2025-11-10,56,2026-10-04
omega,2025-11-17,63,2026-10-04
omega,2025-11-24,70,2026-10-04
omega,2025-12-01,77,2026-10-04
omega,2025-12-08,23,2026-10-04
omega,2025-12-15,30,2026-10-04
omega,2025-12-22,37,2026-10-04
omega,2025-12-29,44,2026-10-04
omega,2026-01-05,51,2026-10-04
omega,2026-01-12,58,2026-10-04
omega,2026-01-19,65,2026-10-04
omega,2026-01-26,72,2026-10-04
omega,2026-02-02,79,2026-10-04
omega,2026-02-09,25,2026-10-04
omega,2026-02-16,32,2026-10-04
omega,2026-02-23,39,2026-10-04
omega,2026-03-02,46,2026-10-04
omega,2026-03-09,53,2026-10-04
omega,2026-03-16,60,2026-10-04
omega,2026-03-23,67,2026-10-04
omega,2026-03-30,74,2026-10-04
omega,2026-04-06,20,2026-10-04
omega,2026-04-13,27,2026-10-04
omega,2026-04-20,34,2026-10-04
omega,2026-04-27,41,2026-10-04
omega,2026-05-04,48,2026-10-04
omega,2026-05-11,55,2026-10-04
omega,2026-05-18,62,2026-10-04
omega,2026-05-25,69,2026-10-04
omega,2026-06-01,76,2026-10-04
omega,2026-06-08,22,2026-10-04
omega,2026-06-15,29,2026-10-04
omega,2026-06-22,36,2026-10-04
omega,2026-06-29,43,2026-10-04
omega,2026-07-06,50,2026-10-04
omega,2026-07-13,57,2026-10-04
omega,2026-07-20,64,2026-10-04
omega,2026-07-27,71,2026-10-04
omega,2026-08-03,78,2026-10-04
omega,2026-08-10,24,2026-10-04
omega,2026-08-17,31,2026-10-04
omega,2026-08-24,38,2026-10-04
omega,2026-08-31,45,2026-10-04
omega,2026-09-07,52,2026-10-04
omega,2026-09-14,59,2026-10-04
omega,2026-09-21,66,2026-10-04
omega,2026-09-28,73,2026-10-04
bcaa,2024-10-07,58,2026-10-04
bcaa,2024-10-14,65,2026-10-04
bcaa,2024-10-21,72,2026-10-04
bcaa,2024-10-28,79,2026-10-04
bcaa,2024-11-04,25,2026-10-04
bcaa,2024-11-11,32,2026-10-04
bcaa,2024-11-18,39,2026-10-04
bcaa,2024-11-25,46,2026-10-04
bcaa,2024-12-02,53,2026-10-04
bcaa,2024-12-09,60,2026-10-04
bcaa,2024-12-16,67,2026-10-04
bcaa,2024-12-23,74,2026-10-04
bcaa,2024-12-30,20,2026-10-04
bcaa,2025-01-06,27,2026-10-04
bcaa,2025-01-13,34,2026-10-04
bcaa,2025-01-20,41,2026-10-04
bcaa,2025-01-27,48,2026-10-04
bcaa,2025-02-03,55,2026-10-04
bcaa,2025-02-10,62,2026-10-04
bcaa,2025-02-17,69,2026-10-04
bcaa,2025-02-24,76,2026-10-04
bcaa,2025-03-03,22,2026-10-04
bcaa,2025-03-10,29,2026-10-04
bcaa,2025-03-17,36,2026-10-04
bcaa,2025-03-24,43,2026-10-04
bcaa,2025-03-31,50,2026-10-04
bcaa,2025-04-07,57,2026-10-04
bcaa,2025-04-14,64,2026-10-04
bcaa,2025-04-21,71,2026-10-04
bcaa,2025-04-28,78,2026-10-04
bcaa,2025-05-05,24,2026-10-04
bcaa,2025-05-12,31,2026-10-04
bcaa,2025-05-19,38,2026-10-04
bcaa,2025-05-26,45,2026-10-04
bcaa,2025-06-02,52,2026-10-04
bcaa,2025-06-09,59,2026-10-04
bcaa,2025-06-16,66,2026-10-04
bcaa,2025-06-23,73,2026-10-04
bcaa,2025-06-30,80,2026-10-04
bcaa,2025-07-07,26,2026-10-04
bcaa,2025-07-14,33,2026-10-04
bcaa,2025-07-21,40,2026-10-04
bcaa,2025-07-28,47,2026-10-04
bcaa,2025-08-04,54,2026-10-04
bcaa,2025-08-11,61,2026-10-04
bcaa,2025-08-18,68,2026-10-04
bcaa,2025-08-25,75,2026-10-04
bcaa,2025-09-01,21,2026-10-04
bcaa,2025-09-08,28,2026-10-04
bcaa,2025-09-15,35,2026-10-04
bcaa,2025-09-22,42,2026-10-04
bcaa,2025-09-29,49,2026-10-04
bcaa,2025-10-06,56,2026-10-04
bcaa,2025-10-13,63,2026-10-04
bcaa,2025-10-20,70,2026-10-04
bcaa,2025-10-27,77,2026-10-04
bcaa,2025-11-03,23,2026-10-04
bcaa,2025-11-10,30,2026-10-04
bcaa,2025-11-17,37,2026-10-04
bcaa,2025-11-24,44,2026-10-04
bcaa,2025-12-01,51,2026-10-04
bcaa,2025-12-08,58,2026-10-04
bcaa,2025-12-15,65,2026-10-04
bcaa,2025-12-22,72,2026-10-04
bcaa,2025-12-29,79,2026-10-04
bcaa,2026-01-05,25,2026-10-04
bcaa,2026-01-12,32,2026-10-04
bcaa,2026-01-19,39,2026-10-04
bcaa,2026-01-26,46,2026-10-04
bcaa,2026-02-02,53,2026-10-04
bcaa,2026-02-09,60,2026-10-04
bcaa,2026-02-16,67,2026-10-04
bcaa,2026-02-23,74,2026-10-04
bcaa,2026-03-02,20,2026-10-04
bcaa,2026-03-09,27,2026-10-04
bcaa,2026-03-16,34,2026-10-04
bcaa,2026-03-23,41,2026-10-04
bcaa,2026-03-30,48,2026-10-04
bcaa,2026-04-06,55,2026-10-04
bcaa,2026-04-13,62,2026-10-04
bcaa,2026-04-20,69,2026-10-04
bcaa,2026-04-27,76,2026-10-04
bcaa,2026-05-04,22,2026-10-04
bcaa,2026-05-11,29,2026-10-04
bcaa,2026-05-18,36,2026-10-04
bcaa,2026-05-25,43,2026-10-04
bcaa,2026-06-01,50,2026-10-04
bcaa,2026-06-08,57,2026-10-04
bcaa,2026-06-15,64,2026-10-04
bcaa,2026-06-22,71,2026-10-04
bcaa,2026-06-29,78,2026-10-04
bcaa,2026-07-06,24,2026-10-04
bcaa,2026-07-13,31,2026-10-04
bcaa,2026-07-20,38,2026-10-04
bcaa,2026-07-27,45,2026-10-04
bcaa,2026-08-03,52,2026-10-04
bcaa,2026-08-10,59,2026-10-04
bcaa,2026-08-17,66,2026-10-04
bcaa,2026-08-24,73,2026-10-04
bcaa,2026-08-31,80,2026-10-04
bcaa,2026-09-07,26,2026-10-04
bcaa,2026-09-14,33,2026-10-04
bcaa,2026-09-21,40,2026-10-04
bcaa,2026-09-28,47,2026-10-04
preworkout,2024-10-07,38,2026-10-04
preworkout,2024-10-14,45,2026-10-04
preworkout,2024-10-21,52,2026-10-04
preworkout,2024-10-28,59,2026-10-04
preworkout,2024-11-04,66,2026-10-04
preworkout,2024-11-11,73,2026-10-04
preworkout,2024-11-18,80,2026-10-04
preworkout,2024-11-25,26,2026-10-04
preworkout,2024-12-02,33,2026-10-04
preworkout,2024-12-09,40,2026-10-04
preworkout,2024-12-16,47,2026-10-04
preworkout,2024-12-23,54,2026-10-04
preworkout,2024-12-30,61,2026-10-04
preworkout,2025-01-06,68,2026-10-04
preworkout,2025-01-13,75,2026-10-04
preworkout,2025-01-20,21,2026-10-04
preworkout,2025-01-27,28,2026-10-04
preworkout,2025-02-03,35,2026-10-04
preworkout,2025-02-10,42,2026-10-04
preworkout,2025-02-17,49,2026-10-04
preworkout,2025-02-24,56,2026-10-04
preworkout,2025-03-03,63,2026-10-04
preworkout,2025-03-10,70,2026-10-04
preworkout,2025-03-17,77,2026-10-04
preworkout,2025-03-24,23,2026-10-04
preworkout,2025-03-31,30,2026-10-04
preworkout,2025-04-07,37,2026-10-04
preworkout,2025-04-14,44,2026-10-04
preworkout,2025-04-21,51,2026-10-04
preworkout,2025-04-28,58,2026-10-04
preworkout,2025-05-05,65,2026-10-04
preworkout,2025-05-12,72,2026-10-04
preworkout,2025-05-19,79,2026-10-04
preworkout,2025-05-26,25,2026-10-04
preworkout,2025-06-02,32,2026-10-04
preworkout,2025-06-09,39,2026-10-04
preworkout,2025-06-16,46,2026-10-04
preworkout,2025-06-23,53,2026-10-04
preworkout,2025-06-30,60,2026-10-04
preworkout,2025-07-07,67,2026-10-04
preworkout,2025-07-14,74,2026-10-04
preworkout,2025-07-21,20,2026-10-04
preworkout,2025-07-28,27,2026-10-04
preworkout,2025-08-04,34,2026-10-04
preworkout,2025-08-11,41,2026-10-04
preworkout,2025-08-18,48,2026-10-04
preworkout,2025-08-25,55,2026-10-04
preworkout,2025-09-01,62,2026-10-04
preworkout,2025-09-08,69,2026-10-04
preworkout,2025-09-15,76,2026-10-04
preworkout,2025-09-22,22,2026-10-04
preworkout,2025-09-29,29,2026-10-04
preworkout,2025-10-06,36,2026-10-04
preworkout,2025-10-13,43,2026-10-04
preworkout,2025-10-20,50,2026-10-04
preworkout,2025-10-27,57,2026-10-04
preworkout,2025-11-03,64,2026-10-04
preworkout,2025-11-10,71,2026-10-04
preworkout,2025-11-17,78,2026-10-04
preworkout,2025-11-24,24,2026-10-04
preworkout,2025-12-01,31,2026-10-04
preworkout,2025-12-08,38,2026-10-04
preworkout,2025-12-15,45,2026-10-04
preworkout,2025-12-22,52,2026-10-04
preworkout,2025-12-29,59,2026-10-04
preworkout,2026-01-05,66,2026-10-04
preworkout,2026-01-12,73,2026-10-04
preworkout,2026-01-19,80,2026-10-04
preworkout,2026-01-26,26,2026-10-04
preworkout,2026-02-02,33,2026-10-04
preworkout,2026-02-09,40,2026-10-04
preworkout,2026-02-16,47,2026-10-04
preworkout,2026-02-23,54,2026-10-04
preworkout,2026-03-02,61,2026-10-04
preworkout,2026-03-09,68,2026-10-04
preworkout,2026-03-16,75,2026-10-04
preworkout,2026-03-23,21,2026-10-04
preworkout,2026-03-30,28,2026-10-04
preworkout,2026-04-06,35,2026-10-04
preworkout,2026-04-13,42,2026-10-04
preworkout,2026-04-20,49,2026-10-04
preworkout,2026-04-27,56,2026-10-04
preworkout,2026-05-04,63,2026-10-04
preworkout,2026-05-11,70,2026-10-04
preworkout,2026-05-18,77,2026-10-04
preworkout,2026-05-25,23,2026-10-04
preworkout,2026-06-01,30,2026-10-04
preworkout,2026-06-08,37,2026-10-04
preworkout,2026-06-15,44,2026-10-04
preworkout,2026-06-22,51,2026-10-04
preworkout,2026-06-29,58,2026-10-04
preworkout,2026-07-06,65,2026-10-04
preworkout,2026-07-13,72,2026-10-04
preworkout,2026-07-20,79,2026-10-04
preworkout,2026-07-27,25,2026-10-04
preworkout,2026-08-03,32,2026-10-04
preworkout,2026-08-10,39,2026-10-04
preworkout,2026-08-17,46,2026-10-04
preworkout,2026-08-24,53,2026-10-04
preworkout,2026-08-31,60,2026-10-04
preworkout,2026-09-07,67,2026-10-04
preworkout,2026-09-14,74,2026-10-04
preworkout,2026-09-21,20,2026-10-04
preworkout,2026-09-28,27,2026-10-04
ayurvedic,2024-10-07,23,2026-10-04
ayurvedic,2024-10-14,30,2026-10-04
ayurvedic,2024-10-21,37,2026-10-04
ayurvedic,2024-10-28,44,2026-10-04
ayurvedic,2024-11-04,51,2026-10-04
ayurvedic,2024-11-11,58,2026-10-04
ayurvedic,2024-11-18,65,2026-10-04
ayurvedic,2024-11-25,72,2026-10-04
ayurvedic,2024-12-02,79,2026-10-04
ayurvedic,2024-12-09,25,2026-10-04
ayurvedic,2024-12-16,32,2026-10-04
ayurvedic,2024-12-23,39,2026-10-04
ayurvedic,2024-12-30,46,2026-10-04
ayurvedic,2025-01-06,53,2026-10-04
ayurvedic,2025-01-13,60,2026-10-04
ayurvedic,2025-01-20,67,2026-10-04
ayurvedic,2025-01-27,74,2026-10-04
ayurvedic,2025-02-03,20,2026-10-04
ayurvedic,2025-02-10,27,2026-10-04
ayurvedic,2025-02-17,34,2026-10-04
ayurvedic,2025-02-24,41,2026-10-04
ayurvedic,2025-03-03,48,2026-10-04
ayurvedic,2025-03-10,55,2026-10-04
ayurvedic,2025-03-17,62,2026-10-04
ayurvedic,2025-03-24,69,2026-10-04
ayurvedic,2025-03-31,76,2026-10-04
ayurvedic,2025-04-07,22,2026-10-04
ayurvedic,2025-04-14,29,2026-10-04
ayurvedic,2025-04-21,36,2026-10-04
ayurvedic,2025-04-28,43,2026-10-04
ayurvedic,2025-05-05,50,2026-10-04
ayurvedic,2025-05-12,57,2026-10-04
ayurvedic,2025-05-19,64,2026-10-04
ayurvedic,2025-05-26,71,2026-10-04
ayurvedic,2025-06-02,78,2026-10-04
ayurvedic,2025-06-09,24,2026-10-04
ayurvedic,2025-06-16,31,2026-10-04
ayurvedic,2025-06-23,38,2026-10-04
ayurvedic,2025-06-30,45,2026-10-04
ayurvedic,2025-07-07,52,2026-10-04
ayurvedic,2025-07-14,59,2026-10-04
ayurvedic,2025-07-21,66,2026-10-04
ayurvedic,2025-07-28,73,2026-10-04
ayurvedic,2025-08-04,80,2026-10-04
ayurvedic,2025-08-11,26,2026-10-04
ayurvedic,2025-08-18,33,2026-10-04
ayurvedic,2025-08-25,40,2026-10-04
ayurvedic,2025-09-01,47,2026-10-04
ayurvedic,2025-09-08,54,2026-10-04
ayurvedic,2025-09-15,61,2026-10-04
ayurvedic,2025-09-22,68,2026-10-04
ayurvedic,2025-09-29,75,2026-10-04
ayurvedic,2025-10-06,21,2026-10-04
ayurvedic,2025-10-13,28,2026-10-04
ayurvedic,2025-10-20,35,2026-10-04
ayurvedic,2025-10-27,42,2026-10-04
ayurvedic,2025-11-03,49,2026-10-04
ayurvedic,2025-11-10,56,2026-10-04
ayurvedic,2025-11-17,63,2026-10-04
ayurvedic,2025-11-24,70,2026-10-04
ayurvedic,2025-12-01,77,2026-10-04
ayurvedic,2025-12-08,23,2026-10-04
ayurvedic,2025-12-15,30,2026-10-04
ayurvedic,2025-12-22,37,2026-10-04
ayurvedic,2025-12-29,44,2026-10-04
ayurvedic,2026-01-05,51,2026-10-04
ayurvedic,2026-01-12,58,2026-10-04
ayurvedic,2026-01-19,65,2026-10-04
ayurvedic,2026-01-26,72,2026-10-04
ayurvedic,2026-02-02,79,2026-10-04
ayurvedic,2026-02-09,25,2026-10-04
ayurvedic,2026-02-16,32,2026-10-04
ayurvedic,2026-02-23,39,2026-10-04
ayurvedic,2026-03-02,46,2026-10-04
ayurvedic,2026-03-09,53,2026-10-04
ayurvedic,2026-03-16,60,2026-10-04
ayurvedic,2026-03-23,67,2026-10-04
ayurvedic,2026-03-30,74,2026-10-04
ayurvedic,2026-04-06,20,2026-10-04
ayurvedic,2026-04-13,27,2026-10-04
ayurvedic,2026-04-20,34,2026-10-04
ayurvedic,2026-04-27,41,2026-10-04
ayurvedic,2026-05-04,48,2026-10-04
ayurvedic,2026-05-11,55,2026-10-04
ayurvedic,2026-05-18,62,2026-10-04
ayurvedic,2026-05-25,69,2026-10-04
ayurvedic,2026-06-01,76,2026-10-04
ayurvedic,2026-06-08,22,2026-10-04
ayurvedic,2026-06-15,29,2026-10-04
ayurvedic,2026-06-22,36,2026-10-04
ayurvedic,2026-06-29,43,2026-10-04
ayurvedic,2026-07-06,50,2026-10-04
ayurvedic,2026-07-13,57,2026-10-04
ayurvedic,2026-07-20,64,2026-10-04
ayurvedic,2026-07-27,71,2026-10-04
ayurvedic,2026-08-03,78,2026-10-04
ayurvedic,2026-08-10,24,2026-10-04
ayurvedic,2026-08-17,31,2026-10-04
ayurvedic,2026-08-24,38,2026-10-04
ayurvedic,2026-08-31,45,2026-10-04
ayurvedic,2026-09-07,52,2026-10-04
ayurvedic,2026-09-14,59,2026-10-04
ayurvedic,2026-09-21,66,2026-10-04
ayurvedic,2026-09-28,73,2026-10-04
other,2024-10-07,56,2026-10-04
other,2024-10-14,63,2026-10-04
other,2024-10-21,70,2026-10-04
other,2024-10-28,77,2026-10-04
other,2024-11-04,23,2026-10-04
other,2024-11-11,30,2026-10-04
other,2024-11-18,37,2026-10-04
other,2024-11-25,44,2026-10-04
other,2024-12-02,51,2026-10-04
other,2024-12-09,58,2026-10-04
other,2024-12-16,65,2026-10-04
other,2024-12-23,72,2026-10-04
other,2024-12-30,79,2026-10-04
other,2025-01-06,25,2026-10-04
other,2025-01-13,32,2026-10-04
other,2025-01-20,39,2026-10-04
other,2025-01-27,46,2026-10-04
other,2025-02-03,53,2026-10-04
other,2025-02-10,60,2026-10-04
other,2025-02-17,67,2026-10-04
other,2025-02-24,74,2026-10-04
other,2025-03-03,20,2026-10-04
other,2025-03-10,27,2026-10-04
other,2025-03-17,34,2026-10-04
other,2025-03-24,41,2026-10-04
other,2025-03-31,48,2026-10-04
other,2025-04-07,55,2026-10-04
other,2025-04-14,62,2026-10-04
other,2025-04-21,69,2026-10-04
other,2025-04-28,76,2026-10-04
other,2025-05-05,22,2026-10-04
other,2025-05-12,29,2026-10-04
other,2025-05-19,36,2026-10-04
other,2025-05-26,43,2026-10-04
other,2025-06-02,50,2026-10-04
other,2025-06-09,57,2026-10-04
other,2025-06-16,64,2026-10-04
other,2025-06-23,71,2026-10-04
other,2025-06-30,78,2026-10-04
other,2025-07-07,24,2026-10-04
other,2025-07-14,31,2026-10-04
other,2025-07-21,38,2026-10-04
other,2025-07-28,45,2026-10-04
other,2025-08-04,52,2026-10-04
other,2025-08-11,59,2026-10-04
other,2025-08-18,66,2026-10-04
other,2025-08-25,73,2026-10-04
other,2025-09-01,80,2026-10-04
other,2025-09-08,26,2026-10-04
other,2025-09-15,33,2026-10-04
other,2025-09-22,40,2026-10-04
other,2025-09-29,47,2026-10-04
other,2025-10-06,54,2026-10-04
other,2025-10-13,61,2026-10-04
other,2025-10-20,68,2026-10-04
other,2025-10-27,75,2026-10-04
other,2025-11-03,21,2026-10-04
other,2025-11-10,28,2026-10-04
other,2025-11-17,35,2026-10-04
other,2025-11-24,42,2026-10-04
other,2025-12-01,49,2026-10-04
other,2025-12-08,56,2026-10-04
other,2025-12-15,63,2026-10-04
other,2025-12-22,70,2026-10-04
other,2025-12-29,77,2026-10-04
other,2026-01-05,23,2026-10-04
other,2026-01-12,30,2026-10-04
other,2026-01-19,37,2026-10-04
other,2026-01-26,44,2026-10-04
other,2026-02-02,51,2026-10-04
other,2026-02-09,58,2026-10-04
other,2026-02-16,65,2026-10-04
other,2026-02-23,72,2026-10-04
other,2026-03-02,79,2026-10-04
other,2026-03-09,25,2026-10-04
other,2026-03-16,32,2026-10-04
other,2026-03-23,39,2026-10-04
other,2026-03-30,46,2026-10-04
other,2026-04-06,53,2026-10-04
other,2026-04-13,60,2026-10-04
other,2026-04-20,67,2026-10-04
other,2026-04-27,74,2026-10-04
other,2026-05-04,20,2026-10-04
other,2026-05-11,27,2026-10-04
other,2026-05-18,34,2026-10-04
other,2026-05-25,41,2026-10-04
other,2026-06-01,48,2026-10-04
other,2026-06-08,55,2026-10-04
other,2026-06-15,62,2026-10-04
other,2026-06-22,69,2026-10-04
other,2026-06-29,76,2026-10-04
other,2026-07-06,22,2026-10-04
other,2026-07-13,29,2026-10-04
other,2026-07-20,36,2026-10-04
other,2026-07-27,43,2026-10-04
other,2026-08-03,50,2026-10-04
other,2026-08-10,57,2026-10-04
other,2026-08-17,64,2026-10-04
other,2026-08-24,71,2026-10-04
other,2026-08-31,78,2026-10-04
other,2026-09-07,24,2026-10-04
other,2026-09-14,31,2026-10-04
other,2026-09-21,38,2026-10-04
other,2026-09-28,45,2026-10-04
